{"version":1,"hash":{"type":"Buffer","data":"sCWbP7Zya14BRAy8GkAlkBeyLBmo5XeIAVpzHi+RikAcPEWaGN2f8UJudxK0WfZ4lpO5hG5/lCyeu29WbVPho3isnA59RTWRfG5nrBDjZFOY3wzNQEvqwnDQ1k5LTEMlKUg8bygr30hUL77LkE03s65OdvPsBa2ItrWqB9gwrRs="},"indexValueMap":{"CCUtBTP7yq4YvVPcAZwCpbCeRbOQndaq+X+JzwSHRNU=":{"valueMac":{"type":"Buffer","data":"zcGI8mxYe+pjWo6tlVGePGZVVoVYYwOF6mSUVW8nOSs="}},"GBsIIqb3Rpqw60crRSgXQnPkp1t1+zB7/ae3w11AOJI=":{"valueMac":{"type":"Buffer","data":"MVHCHdQU4bxUUHIUtpufJol4vKV0sw5+JCDB4tVc6xs="}},"H9UedeKPiMKDgAqzVZAm7P3O6q1sD4Y9WYjEPQJUi70=":{"valueMac":{"type":"Buffer","data":"DhXVvH+6JY23IuRwXDI5YqFzD40JWS2SNRB9pOU6pN4="}},"Pfv9BBTrq1txVaYVlVXWTYc+yCdmUDBZt4VVANOiRsg=":{"valueMac":{"type":"Buffer","data":"tuizoSrioYYzv+NYN/PBQM/dUTah/LM+HJFNN7WZYIQ="}},"VWjKsRZrymtn9ofXAoRoUNW3khBkpj0zUEmQTN0imBU=":{"valueMac":{"type":"Buffer","data":"+HCeNSAoqsF6DGPABGOOQIX6nrSxGXy9Q2SHvHp6MKE="}},"YD+3EXD6njneJJZGCLIwFg3AwKorP6hwsjB1DNzbh6I=":{"valueMac":{"type":"Buffer","data":"CQ2MgrHk4fvbKQYp75Ews0M3KGFQPjmr03NVHAoYMfQ="}},"apgrVlYmEzAtNJgKBQB5LltBTLr1/5fthd7dGA6ygQA=":{"valueMac":{"type":"Buffer","data":"yEGbvluX+jWZGJ1lcOZ6JDuMYv/NXE7m7rlfRc+gj3I="}},"bglEcezbdrRSeNOmITK+HHSbWXV1gzRRAJb9m9AHrkc=":{"valueMac":{"type":"Buffer","data":"T5EBRQKcAOofrLxyi/A7t1RdaXGTQs72JEWAr7VrZrQ="}},"c3DL0D9izxPfS/Yk9mqlh2OOd+P8cqosqND/b0Hc+zw=":{"valueMac":{"type":"Buffer","data":"Q3twFOxYnvBK3yDgbRGUVrmCnywc/xB1Owqt+THbUPs="}},"kigjv6UxWcTwjk1a1l9IOVs391xGbRNNV0P3KIFwGTs=":{"valueMac":{"type":"Buffer","data":"go8F+QeWOOQ0sKPpXoPcd8i+8w6xyRUjnWrJalKCbGE="}},"lodRDae1mLzWTEzMI3gvpw1ePtxSroaO52meV9LBPIw=":{"valueMac":{"type":"Buffer","data":"cJp9J/o6loWj8GVElOojgTKS3Iwf/rBEmDaf03bYkwg="}},"zRUjbF9LrQ/CoMs7LPxiIR99bUIFLRzY1pME4bMcPRo=":{"valueMac":{"type":"Buffer","data":"h/+/0xtswDqMeqiwBybr44w2jhaJMOzERVYvO5AYC4g="}},"2bPfR0HmIIodh+CeuETXWfqlDZlZSTzYCHoNuiDgr3Q=":{"valueMac":{"type":"Buffer","data":"nEat1ASdKzhPft/B1qI9FGHiqK3g3Zbcc1hxoIWRHs4="}},"2zM+Yw3sF7tMYOgvWoz/guHJrbQb83CQWN+FZ8LMqhM=":{"valueMac":{"type":"Buffer","data":"dYX4gG38U/BvBr9EWJgJwmPfIdK/1R+HyNbNt+JYC1Q="}},"6jE6BGIRRx5WDC+eDRbolAegcktRWLVQ2ZTXFlp6ox0=":{"valueMac":{"type":"Buffer","data":"ekvzCLZuyR5DBkqIpoT9uS6t78+hewhybUH2tX2aDC0="}}}}