{"version":25,"hash":{"type":"Buffer","data":"szSPRAedl0ozVAu6Ol43raGB8sV5UEgxhpuwmVxwf0TRWYZB40TuZYm2B0DlQ3R1dUWaUY3AU7+SWM3jo2Cw9Oe/XrAh0SE6xqyk/79dG2FK/ct82UKggKsnVSv97RxddswOLwU8gp3ETzY9yuSP2C/h/IMxrcTZW8Y2mua5uEQ="},"indexValueMap":{"AN0nXYvXiIzNw266PGcPBA9skDB1JhRGWXSQFqhEaIk=":{"valueMac":{"type":"Buffer","data":"lNnZCm8FX+23yGDJRgUr3aAQkxzggJLPk/Po0FM8rnU="}},"ArnJtWMDdTIu8+KHIptTUlrKLMs3Ea3HmwEn71Io4Yk=":{"valueMac":{"type":"Buffer","data":"5z9EegQtt4VWogTc8BqnJ7958N/G8ISq1iPqRg1T1Ic="}},"Au+iA8HrKPrOAwXruJEGKZiXJ/64LvbSObdYg/gvgok=":{"valueMac":{"type":"Buffer","data":"vhPhlWmkGg8+x4vWDCGlDLN5Q9uP5puH1tHQuPCdAwo="}},"AvaArcNG1pCPy8FinldTahybtjAkNqq7DqU7850k6m8=":{"valueMac":{"type":"Buffer","data":"qDXO+QtWOF/xhxlbFc1knxxqTKilDD3GEp6QA95Cmpk="}},"BBO8fMD8XApppxqkMqI5XhtzkSFpOLjyrTP2KGnswWY=":{"valueMac":{"type":"Buffer","data":"Q4FEbAw5ess5wq91cILg5fKZmE9EeTYwt5xXWxFWZUU="}},"BtJlJknPIL71R9lKhAnM3ipDIqAr3Qm+4usQtXWyglM=":{"valueMac":{"type":"Buffer","data":"8sEO1V2PSfoQNtyC4ZyL4j+0nPaIJiP6ohdq02+V5eI="}},"CItjtcqYziCRCh6e1/WlM1Kny76qFhsbW4OoiY008i8=":{"valueMac":{"type":"Buffer","data":"yoECmd/qKkgOvHrgUoI3sWKbxxSGrRev/n68lLh5cKw="}},"CRE7P5483aiYmVkC905YCtLDgHR8ty2La3I8askaqDU=":{"valueMac":{"type":"Buffer","data":"dRY0YZLw6kFk+fnNm5gdYfj4cUjmWkQUuAZxabnZoVE="}},"Dd/3h4Ayf/h+jEuJjHnVTjpzQIwYvjAUQ1HG29X74Io=":{"valueMac":{"type":"Buffer","data":"L5zZvlsad5HpA+SM6WozPGw8HKs3bJ4m70O9p+hku/U="}},"DeFoNPWPy2vzdZPWYXTeT8HOspJWQ2BUmF/+ERFO7TE=":{"valueMac":{"type":"Buffer","data":"5SP7C2hQtFv6YVumgA617VQ8PIlLefS7MiHlEmkgVpA="}},"Dg7aTYGGX5lyRlY6bCgYeMCcUFroOJkvDeeaUIgWFfo=":{"valueMac":{"type":"Buffer","data":"I/oFo03UQ/DMjUlcl5KOsICH+2zNvEW6MoArtuu3h8U="}},"EA6/iumHYSJxN+KX6DBjP1RNqHh16nJG3JgrU89hWtQ=":{"valueMac":{"type":"Buffer","data":"nKjwE6a7OG52RZz5ybp/reCm5EcGVPc8oudBOIStUHc="}},"EFJk1w5HySVOClRpXAAU5+Eyik7XKQX/QBWFFCXFTuw=":{"valueMac":{"type":"Buffer","data":"ZpYbIb+cqDXqDxEAvhvNhcya8KlcJQqbfm1zgn4RGBE="}},"E14753GROmpwzRYOmSga00NgnTcF7Fl1tINwbuU5FBQ=":{"valueMac":{"type":"Buffer","data":"Y1fDxWwvk2JSVVUtsgWefRVKgo6wqZgTKfF69D7LtBo="}},"FKuC0GYUrJfzyv1iZXyC4TGGCgrPwq1bnv8+lfHiHDg=":{"valueMac":{"type":"Buffer","data":"78+Rij3gaVp/IEBblvhzt1CDAMPEBkwcn5KrHZMFWb8="}},"FRImsUlZjIOTWxcqgU5rhWHAnWuXB3Kl+hxzj1JU+fA=":{"valueMac":{"type":"Buffer","data":"JM+8uxby0Feotjyou247vBiIfW3DkD7rtNdfCW3uSA0="}},"F1myTOjaK99+SLqqMha4YC9P+msGW1zwobOZAqqPToQ=":{"valueMac":{"type":"Buffer","data":"CcYkN8gBgcKeX/YglNrSyNqZRRDNMu2GOCBq6rvL7KM="}},"GLPXQ7pyhb7eyO62k8VEcCRco0FKhdjjS6TFxREXYyc=":{"valueMac":{"type":"Buffer","data":"cnZfmpzN0cGMXhCZg1Z6QjbORJASWr7cECJMkc7koQM="}},"Gh6y9S//4mqGZvAIy+71i3RrwhQRmbcM5H0BCGZeArY=":{"valueMac":{"type":"Buffer","data":"Mzi3p/AkG+NkdsvJo6UBaGf+BQs7FSm2M9grZVyV+ZU="}},"G6gMh9OtHQV/JgSVJiQCZBK6DeOqcpT2yGNBgwEBbpk=":{"valueMac":{"type":"Buffer","data":"PATIAG8Jc9aHzvJO380fky7DkYLZX7Ds7BQBJgnD+YQ="}},"HAWtXs1rCemlsfhr727+JgIs9A/7L3rRspsF4BYpO84=":{"valueMac":{"type":"Buffer","data":"5TqQnZNdiFQCq6yNdi9JI3lTdrGtXMAePrTM4h28Yak="}},"HFo0Prd3MeJZQANruXvx55eELWVT/6SlpVbnycQAKgI=":{"valueMac":{"type":"Buffer","data":"QbQ7E1iU2p+DnwVEdfP7HbvVdfp0af5FM1BS9/qYHDw="}},"Hi3r0A4BErk/T5IYmx5zSjtvoDTxtPPwlBi8MVDjf7o=":{"valueMac":{"type":"Buffer","data":"vFgw3+wYn7OL0MWBt3MVsa6q0OVHjOgwwmm2LdBstTA="}},"HqsmroJ6kNXm/L3sVCiBV3WpbMbG3YhH8p3pAVsWTrU=":{"valueMac":{"type":"Buffer","data":"n8Acs/5ElOPYuXziNYjgemhefX7iIipakav+AWpk6kA="}},"Hyy9Ev4bhiQzU5gwGzHU5egBw4QXY16nTb9/dbnh6Mc=":{"valueMac":{"type":"Buffer","data":"h+zeZ9V3JVIbo1UHBiXPO9fjLTJFFJdXbtwzAiennjE="}},"IAXEOKPMpyP4GFgsjeI5PelTKV5jcweRA6xBOSrMtVQ=":{"valueMac":{"type":"Buffer","data":"HHU74P1MOwqLzz/9n1IknBb2zUFm6cPxEOJ+Dk+i1vg="}},"IGILeYGTZv907QZbyBTjE1he5/ujrOb7zkV76mh71ko=":{"valueMac":{"type":"Buffer","data":"A4gvqcaGQDUQbVNZWbd1BmG93sJ5coB66vWQSkGYZ4Q="}},"IeJLO+o8wFk8w1t7X7MIg6BlZ9k/q8hoVLTT9y1dSQw=":{"valueMac":{"type":"Buffer","data":"PGkfb9a6foTnB/pTHWw/MNaUcg0x5KfLvNiHDvE6QWk="}},"JgrMkL1mnStA5deufn3ttuHoJJ+/7e0a8t/GT40sQbs=":{"valueMac":{"type":"Buffer","data":"EsgfwYdABZwmwH95e7CU7Hj/9+V0J6pdDOF205U/1X4="}},"JxcGuhArBwBcOUHeNYynMrJmjla6PApob9cymytdHJM=":{"valueMac":{"type":"Buffer","data":"WG/5EQjMxa0omvacWnT2eVO0w3g7OXW5xMue+Zx3tBo="}},"KwZhXlhzdKcTrOom5hU30YGtVFDty07uicEYAvopP6M=":{"valueMac":{"type":"Buffer","data":"1Axiy9D8NjpehxvSUSevzCl5NH6lDZcMtmAW37+2ozw="}},"Lfn/XEffVCpX+92qA3YqyEL/52mnxeNIll4hTwn1lk4=":{"valueMac":{"type":"Buffer","data":"s8w8Y5Fl+iTFeV+wQTmaJbX/AyCYpm3w5rMTNc/xm68="}},"Lf0K4YvJcRPBPp+uZMLwGJtiMqTfKb+re7e1fibz+kk=":{"valueMac":{"type":"Buffer","data":"kNvrIOERHnMY7W9/bKh1XTeWKLZAZMYjS3sT00k4fFs="}},"LhxLCbl4vuHdUFi3WiXj3335uw5G6Ch3hXqgMODI1I4=":{"valueMac":{"type":"Buffer","data":"1/hYhSnpjBn8f1C/P8CGzPvQns5ChrIbEosABcKw5cc="}},"LyUEMpiXKAP+5eQZ/7keJxirGzrjM4gTYN6Ouz1S5S4=":{"valueMac":{"type":"Buffer","data":"H8YcWYaNRo43Cd6VCC/rKm4zvQaKnfchIT3FzM5D63o="}},"L3KWo67Qzu2cNXFJwzBLUN3NFEa9raB4JDb/v3jnhzk=":{"valueMac":{"type":"Buffer","data":"ytI8k2xpoByh2hmNtqIyR7g6u4q3AQyAbwchgUdTqKg="}},"MlkkiJpic0ROBmw3ejZwI0WOI4HNHngKwp2mhn7nyqI=":{"valueMac":{"type":"Buffer","data":"VKMf9y1lwog2EqPh3Jr/j/e+NA4dCX/hK3pjGoNQ074="}},"NBsTeJiDNa1XIcCVPbexeutx/OvZ3fXxN+CKa05OoEM=":{"valueMac":{"type":"Buffer","data":"g1Qgwtgomgab/YpSMOf7/zHT0yHnpzVJnqi8z3EQuR4="}},"NFUW9i65eizmAhUxQdUqUo4WSEoGUhN7NH/oPgBGjeQ=":{"valueMac":{"type":"Buffer","data":"PPJbjPpBfVAty3slY4dbMXxd5GBIJzAYpxICWyAgMhI="}},"Ngb1s4D7nRUOvFrH9wSfsLPWXkzgyQcNMz2Xcl50zAk=":{"valueMac":{"type":"Buffer","data":"YR5H4/9eDxn6ItSEmpyNo8MZPQsupp+zK7s1qPEnB4E="}},"NrVpcMX8TSiAnPPieIwjR0O/ZARcMSo+LX0HJ/Sz4yM=":{"valueMac":{"type":"Buffer","data":"Fvz1MXmJNfZFa1pgqFpLqK28IL6Ni/R9d87XvyN4Iq8="}},"OBk3vnWyqyrKnzXvSFdIHv4RjV1HyTPK4BDzCZTPHhs=":{"valueMac":{"type":"Buffer","data":"E4cFy3OCyyTw5ul9T2fcXQ2c7gK5McK98dinZpJ26vY="}},"OGrT79nlRPeqR78zKD4NfYfRybl3btWE9g2tC2K5IcQ=":{"valueMac":{"type":"Buffer","data":"8QkKcXG6D/t53IxA79ybwr6Fx4tXFU2NeSlWvo/s7+k="}},"OP8eQKHiOs490Gbf0NSVFigzO80pHEVhT1PC7KDBWV8=":{"valueMac":{"type":"Buffer","data":"bAD5tNavtXTmwU1SLl3AP/3+/97rluZ9/msyX5eeeBY="}},"Oi3ztBl6FUbuJKf8ev3VhTgytqA4kCZjelVvvuHTWTg=":{"valueMac":{"type":"Buffer","data":"oUyzVx+wNAylNLLz0usq0ULFDvdkI1YLYL0f68y2w70="}},"Oua5Z+D4XWGsGobK6xYblFiEN0yPw22iLQLCis4kEEo=":{"valueMac":{"type":"Buffer","data":"wSBYMB6+uom3HkVn4R+AtDpvI3LQVrTWxkOfxIiWYik="}},"PSsCKbBlDFKbwfpF9+AH+Cpa7yrJXnpk3D+mem6BvM0=":{"valueMac":{"type":"Buffer","data":"rqNxKNrUhTeU8cH1s0X+n+OwW5AWo8/pqVxCIQ7+XFE="}},"Pu3uXc2pojtR3VCSfATPty8MhvJ1rdCIqeV9JrkU+s0=":{"valueMac":{"type":"Buffer","data":"tekC0CDm4QIcjECAVc+huUnS/YaSpodpmBW296Lbilw="}},"QSWpZ29NTfyGY5gnd6DFPCLnYSpFSJCcQnVaeIefxGo=":{"valueMac":{"type":"Buffer","data":"mEUiJAXFxqCSydPa5/TqRfeYYno3bTHevr/02rAFfSM="}},"QUKD72NVJTpC//F+8bwO7RuBK6xFqY7s+Kpw/hEWX9A=":{"valueMac":{"type":"Buffer","data":"Z8TBhuuyLcfRXm5fqc0CWifCdkwMe1PHgblyNWgwTzU="}},"Q/rggVuVa6zpYwvqorThxXAmS0TDJTJTHsGrvEWi+uo=":{"valueMac":{"type":"Buffer","data":"CZGFu5ddSWiTE+WRnQFhFgSqwFzNyNCutA1YF97KxrE="}},"Q/5pfeW6kieUG50K7QyxiHT9bw9sO3W7SeZIasXxsr0=":{"valueMac":{"type":"Buffer","data":"k1xuYYlk6Pbxhd7nP8rwmwwxc35yQkIbkHWK/uydM/c="}},"RIWZ69q9sXKpRkDGC/ejCtbo7OLFoZx2dmpAwLOPlUc=":{"valueMac":{"type":"Buffer","data":"zQ9N/gDGX003fV6Ww9zSV6E3FpJRdusetQNVJJDmof4="}},"RQkwMcRgcL72iPbnAxqI3g/kKNbbJGwafUa+eIMh01k=":{"valueMac":{"type":"Buffer","data":"F4I8/HbybGv+pNggLlWD8UfYdsDsXGTzxnAaTgJJMT4="}},"Re/wm9O8cEZyZaa9Or1C04P3O0pqRSLU47y6t/znGkY=":{"valueMac":{"type":"Buffer","data":"06lnIJh3RVi4elTwSWJ300osScmx/dXo/exAYbeXXps="}},"SAE5dzlYqLx01GHSK9KIS7rnVBq8QLD4oO7KZ2Bnep8=":{"valueMac":{"type":"Buffer","data":"kbscBRpwswVDCMzEFI7SNopeDsXZFv3RhlXEBmKLZSM="}},"SAKcpqvVBpj26UJDs89dvh1yGHffByin4JZCiGYpcnU=":{"valueMac":{"type":"Buffer","data":"o7UThDTotU9rAotIgbHxVL8JQQ5A2ORwE383ckGBbp0="}},"SJ3JqPXKDReweBWrvzFhS+9io6WzliabxC+sBhaFoLY=":{"valueMac":{"type":"Buffer","data":"JEew1t3nEwZNxTZZ3oop2zQTmIwJEo+9/HyUAQh7FLc="}},"SVrZw4GSyCEK0an6BkbBGBV3NxzgCzEzBo2Ku2t/Q68=":{"valueMac":{"type":"Buffer","data":"HzA4lDjle+6tHwIgYxFV2rQokuLe/H4YPASr3UexttY="}},"SaMghpFR7tz5+R185eFow9PrIY0hxmVUzFDp8YnJg0I=":{"valueMac":{"type":"Buffer","data":"XXuPjjKrTlBPJypQdb2LPT4syP+tIhljxydc5jFiPo0="}},"Sf7Clr1sHlU+FNQ6sH4uPiFbJNvPbUSRTvxum44oAfE=":{"valueMac":{"type":"Buffer","data":"gNQNUZpQ9OoRNdeYAxQPXrLU6BM5p87vOSwpj8keZA4="}},"SmhBN7TLRD2EJ6NTVSk3hWQwi7YhxauqXSnufHlMPsM=":{"valueMac":{"type":"Buffer","data":"bHpXsqUK3xX9n1vT/5BNpUwtgZ22r38CpCfqfSlkn8g="}},"SpwYCqkgy9l8+XUcQfUp3853SmDHM6bQc9yXRWqmf4Q=":{"valueMac":{"type":"Buffer","data":"dFq4krniD3PhsIsZ4ebKIQ2NE/0txcvZfCC9AfJdKVM="}},"Sp3VkW8pAniyc1PPK9L8Rug6BHsyigOh2YuK8bWYkMY=":{"valueMac":{"type":"Buffer","data":"7rh5eHf/jg6mRUN5GvDh3UaAk2DluAU+RyWciPOQ6zE="}},"StUmOfOJeYZVuahBuuJpHOd9w94cWGYEUf0o8CD74RM=":{"valueMac":{"type":"Buffer","data":"DjdOe4Ln5dgpBriC8AlA7b3NJg2xpemjELHTKILwZRY="}},"St8bYw3bzaA8DxX0fbdR5GqKk0BRWuUmMitKhsgVAOE=":{"valueMac":{"type":"Buffer","data":"n2LFfb09NDanX+GKiFGLOYGIeyVFIEsowt6v32WDnV8="}},"Sy8POmRr32aLD7ZP2F3O9EYINHV2xWC/tYleblzs4s8=":{"valueMac":{"type":"Buffer","data":"vyTaAW9uZf9l8QdgEH+/gGX92lZzntsy8nMusa/MvtE="}},"S+zFSfB7JF8pizg/NjPLBgsQEc2PYdGMnswJN9Vwc7w=":{"valueMac":{"type":"Buffer","data":"mumE/R3jMMi9wE6jM2QrvadqSQRj/jFCklvxWLYKkWY="}},"TFmfNQsgAlPRTzht6aev0F3+OH4n4mKuHnKHIKwJckE=":{"valueMac":{"type":"Buffer","data":"4CrzR/n9OlkuViHdPziWB2vPqSMcSMjowDKU6cMGtq0="}},"TtSTKWOaNDzST1i5ixU76jjW/LKzfmKZc9tKbsoTzU8=":{"valueMac":{"type":"Buffer","data":"vXbZviiV9hGT2OABJjLgQkt4Nm0h1d4ozUseUjIWfHE="}},"UCEwc0hm0GbrXIoRhjw2hpr2U6REzn9KsSl9a3U97Ro=":{"valueMac":{"type":"Buffer","data":"9J8SwNYAWqNi89VJA4jE6CHw9ETTOtTwMroLp3nsA3s="}},"Uz6jmpi1RSlZcybeXJ9Iyrnr2BcLeRMA45TTgy11fIw=":{"valueMac":{"type":"Buffer","data":"//RCY51DjBRCnpcP6Dh91281Pbf/X7ZwvFb3PLkTRUk="}},"U/HJAIOEfxyL76hm6gedHYwsITOQCvePJoo0eKwHChs=":{"valueMac":{"type":"Buffer","data":"iM8A258Ds4tbU/kmapls9OrlGOQJaZQEWly5f90Abmg="}},"U/jO6RZpV2M+v+8Xm9PpYD7FdWYsTEPj/8HskKdI8Xk=":{"valueMac":{"type":"Buffer","data":"SkcDzMU1vV0Bxx44GoeZvvR7qcdzfB8uKIkBlf0mUYE="}},"VSSnnVX63spIdeuJIGSz3DsiEKfN8226V1owoHA61J8=":{"valueMac":{"type":"Buffer","data":"kTRKC0BT/IMeNnENDCGwgJujutZJ/YAl0h8X6GQhiLk="}},"VUEsu1hgLJiQf6hJz62voOgTg6o0XYeD81JCBHwYMZc=":{"valueMac":{"type":"Buffer","data":"ttyGNFTlzzcpVtS9prl2sWCxGS2jXCUVFvaIi7nm5TA="}},"VlUPkiZ2AqT8tr/Tz67wchNtluLeVzVowlewXcHeR9Q=":{"valueMac":{"type":"Buffer","data":"qX0ZumV/vBLc1l9R4uaiIqOXqYtWFeny4rmNkEzxJ6k="}},"V10qhYaDwYlNb9PwHOwEZetxFZ+MfOTANMVYxe04ORk=":{"valueMac":{"type":"Buffer","data":"vYgU0x+87jG8KBBFVchue7iWx3tGZzREEVDBz/zUSmA="}},"V9JnB5s8xBB0i9kch5kyV6VygpYQwv+SYyp885WON5c=":{"valueMac":{"type":"Buffer","data":"JpI7kwyEFRCbrG9CjonD2N/2pS1yPI7wzbCy+4Eiahg="}},"WaY1OLzJqJfLEltRb8A3uhTcUtpcu2B5to9Vww9UUyE=":{"valueMac":{"type":"Buffer","data":"0wjl+itTozi+NjN49IE9DGKTYoTnRD/F8swizIxNl6A="}},"WjnpLwqPSimuengGzNlflJBHvEVC2EEUdKc0ZjhghBc=":{"valueMac":{"type":"Buffer","data":"OQHb+Ks/v+iAvQ5E9BUj9dvY3M9JrnPqIyfhDjWMqNk="}},"XLXu3b7zcSmOngRJ0ZU+avKd2koZqwz0o8wTvzacfOc=":{"valueMac":{"type":"Buffer","data":"t/L3kV4W7RfLnnGYJrpJbvyVbKoC2kJjP0/F4WCvwnQ="}},"XjX7/5SZyUjm/1ZiUAmhAuukphI+KuCL9WKXs8kIVNs=":{"valueMac":{"type":"Buffer","data":"mKbzeySiqansJZbNXT1SZ+B5WrZGAgRiLrdUKJxXpQM="}},"X+0eFMTYjFsUYar9CD5GWeBs8YnmMwu26rXtiUgglr4=":{"valueMac":{"type":"Buffer","data":"1viK6gYZ5J2S/2692oAVRekrDUQveEx0DtczzcNZ754="}},"YCvu8QBZeZMruuzxkwoZv3fe2ejmi0sMIgJBwR5ARG0=":{"valueMac":{"type":"Buffer","data":"4vl8YFLqt7BAFqFpkr0yYnSQCmisKEoZP5mR3eZ92yw="}},"YKjGaIRe6p3PSq/uY5yEIFkAIPVY2aBUsPgWzPvO0Ls=":{"valueMac":{"type":"Buffer","data":"4BwFi/y5qX0nR9DQaM7i7DwYNvxUy+ba7XizoUUnUe4="}},"YKlhOW0pHH4Wl6iG1sdoIlCZEO5DE3rtcNl8r92EVB4=":{"valueMac":{"type":"Buffer","data":"LHqyMkeYcPnV8rOwQuKMc6GymryDcz6VsxtvHIdgbOw="}},"YsZYwnnHnl0nCMByxxmi03bVnbOyTHACTWbDrDKWZW0=":{"valueMac":{"type":"Buffer","data":"UfWPy5zZpDlu0ZCtY2MlBDaZl7TushFO9SgDKGMGk5M="}},"Y6mOwYhg8nDdA/ed/QHB63SB++MJuA5C81GHl06cshU=":{"valueMac":{"type":"Buffer","data":"4/y3ntoB2sbvxV/DvJnhT1FxgLiGUIPRG4hTzJ3tBmE="}},"ZEj3SaK8t0aFpg4hTp7fTXkb0hnVPCmrFApZDN01XII=":{"valueMac":{"type":"Buffer","data":"6/Kjc6Nw1lgWUZ8kS60nklGYbkM+hMcsa4R6btuq1ws="}},"ZXVEdYI7LPnDvT4VWGW/WCpam0hF6Bgr8TlDjlBWpdg=":{"valueMac":{"type":"Buffer","data":"P17Uga3OfP/QwKHUKkiSM012EJbFHqsdyBMe9NppCuQ="}},"aSTTNOQ+uG4Q/x5DWmQMTnQKNBAF87+URy2lG8/6HK0=":{"valueMac":{"type":"Buffer","data":"5GCKrqn5fQ0IbSUqMPWHTgzMEudWZKV6EZHPZ2c8fKY="}},"aa95ym/rSToSex2r8LoC6OeXoTNXWrzur1Rkmow2nPU=":{"valueMac":{"type":"Buffer","data":"kBoaEdPoC3ZOVBLR9gbYk305mZhNv1HhTJH2BgTPF7g="}},"anQeQmvqDgwCLw8mm10U4WwsWW5iUVvZhfhr7dArI2s=":{"valueMac":{"type":"Buffer","data":"mNF4uS5CueiXtowI+tBp8fASn4JDuu/geUvoyT/5nwQ="}},"avgnto955LX1uh2lmbMTv8dpNwxI0QyCweoScOCyFTE=":{"valueMac":{"type":"Buffer","data":"cwFNl2qGEdQ9t7plUqHWF+phFvw6kraTSonygLhybGw="}},"bOochWGBNkfLTPiJmnVCDjVxlq1ndVTGeM4WlBo21yo=":{"valueMac":{"type":"Buffer","data":"n5uX+jJ/l6bfTsTZwO261A5RqdKl0BqASCaZ2AYhZu8="}},"bSf6WmC3hFMhceg2SIWCBfpHygQyl+FpX6nCrpRA5Gw=":{"valueMac":{"type":"Buffer","data":"v0/gNolb3vmOdmEtt3v39PGDfUHCxbIwv+jN2PTs1OQ="}},"bszwhsjUE8P9J4Mb+c/hHCOC9ChPIjgfGCgsbV1CBHc=":{"valueMac":{"type":"Buffer","data":"/tdu56RXvYg9Ltxi23BH4EBqahRPyZjxLa0bLvxix2c="}},"bvbrZVcE/HGKfsrzPxsZRXgVUkQni4cFXDEJFk9MnRo=":{"valueMac":{"type":"Buffer","data":"+1/8fhaS3C9mGuxPfd/cIkPr7TTdxEmLmyXowv4GBSc="}},"cEw2zMPyHrt57tmdwfvzl0lzV2k5ySlA1Rtznnd2OGI=":{"valueMac":{"type":"Buffer","data":"1eyFdYBt+OMQ0oQ966FtqTaPwPQ+sXIHDQOJNhrfCJ8="}},"dAoPAla4RS/Nkw/uD8R75ejpPAxwcAGUxh9OUNsjchs=":{"valueMac":{"type":"Buffer","data":"Xd547sMdFZVlUjb9YoBil304WLtuh1oIYg3b3uYDpqY="}},"dHChYKMRyiJyjE0U2kfL7oKN5Qj/OQu03yrw9m/lj/k=":{"valueMac":{"type":"Buffer","data":"oJM1aweVczhcFCevJQflsGuLz+eikyblYfoRFW6gP5Q="}},"dmQcjeiL9rXxeX1N+g6tveV7vbsLFUAE/6q5zVVQPOU=":{"valueMac":{"type":"Buffer","data":"lCThFoTCJKOcFb22UhXH7mptdVkpgoQ3JnKwTK5PTzM="}},"dob8i5H2S5rTA2cYr0QRz41IkwWhrDPO8vTzVWb2fV8=":{"valueMac":{"type":"Buffer","data":"N9H2UVH0yPVJ0bY4+rmZBd9PmGmkI+xgVxzlrBWQQu4="}},"dvQ1a5zh1Wqi99n+R27rSpvyvtFo5N6eS2KihfyFq/4=":{"valueMac":{"type":"Buffer","data":"S5ISaUgexZ4gGuQ/QkrWUIhTdSS5BtJ9oNW3fdTp+1Y="}},"eJZfYlrUhjY+EueTDU8vaG3GDHJR3mZjsatFKH3mYVU=":{"valueMac":{"type":"Buffer","data":"vgnee0iYc3lrj7LUT5Aagm+S8nxi+h8aoYuX+27NGF4="}},"easgD3n5VFby4fPltI3hfJKJaTNpuzrfQc6Amz+vRHM=":{"valueMac":{"type":"Buffer","data":"BHkgBboltkecf5gdmj59iUOK5ItXMUKwL4hvqrDA8x0="}},"ez5lYWAyqFhPrdCyFXC0Z4+Vgk6iJzzCsXcexryFnEo=":{"valueMac":{"type":"Buffer","data":"XeXrp52dKTojDuzJgiygXMYkqxJoZjgom+FQQ8oJTO0="}},"e039JtZBymH+iy2uzN5kfWu3uyj+C+rhuNGRU84gp+s=":{"valueMac":{"type":"Buffer","data":"jIhSGlMus/roACw2ZahaBDP7gSr23Wf8uCWJ5kv4Kks="}},"e92uxQkW00TlcHoFHO6H1j2232wpQJ+ZjvlReUNpNmY=":{"valueMac":{"type":"Buffer","data":"EtR+MkoHYYIKyq07QJNEUokEG02+8zKU9yy2f8zzQME="}},"fAy3eohRbWpSvcB65OXtOhnuIexfn7Em0w1WgjyoBz0=":{"valueMac":{"type":"Buffer","data":"VhO0tIV4cik5ouqkR5mfmToajaDhIQ8nxBklxLxHqDo="}},"fbBAleSaSLiE5vc83slDDOYUSjvdUMoqpZ+L4WfLuRY=":{"valueMac":{"type":"Buffer","data":"6VQAAMSx1r/uEcJbfEkqtjsAfIGo8su7Mw0dMv7S+IY="}},"f/Wt4x7SufR1nxCNE+Tay7s0tGaXe5IrGQDDsUTsVig=":{"valueMac":{"type":"Buffer","data":"ELk+hFDQHNdZ2iIFu0aj+WdiOHSoVlVsn/J8oQcz6JI="}},"gHH3f+KXqTfQhwepShUB2iqogyiLpQggBzdATkxp/zs=":{"valueMac":{"type":"Buffer","data":"vGMVaiWNrceVnVWc0aC0n/dAlSnIrxskTOQ4YZaub2I="}},"heySZH6/Pb4qTBbT0AGE7msMog0VYuLg1VHI2/4CUtc=":{"valueMac":{"type":"Buffer","data":"75c0kohKPmJP3QPuGij9vaWy/nXAjZCbLHHgBcO7qwQ="}},"hkE5fFSNouimEmym8cxTfnBQQDpfqDwCVBlL2fgGXV4=":{"valueMac":{"type":"Buffer","data":"PhPh59AZhxKii6WsdEu974cXHie5JYwrKhqkcYVTM6s="}},"hk15Vs3SYUvSkmQq3jP04HU07fEJxg/JXnaoIfycXw0=":{"valueMac":{"type":"Buffer","data":"f85BT6+jzIKXXf5diij5Epwd2SLYl7o89yzQ0YLhBrk="}},"iKnllwJ9UudkHDgWJLTRF+o8J2tc10d7ALByserEfZQ=":{"valueMac":{"type":"Buffer","data":"Y7VtcRHYB+lxUHq5LBdJojHpnKhOYRc66qNm56c0HwY="}},"i+0UwljYCPmI+hhGWZXPnwSHAObbbhx/mdK9+4aPgiU=":{"valueMac":{"type":"Buffer","data":"n2vjty3f9UsMZpENYg7JznwyUFkIJB0dEZFp7G5sX5k="}},"kHeN0yX8H3PcCJzt+iZKJlu/9hhDMAtzelxma47U1Fg=":{"valueMac":{"type":"Buffer","data":"Kbf+rK4Xhr7rw5EweRW7OGV0RpOF+G3BUGYaEU+6F5E="}},"kP1MYmHTEYF38Ia50FVrUoosyQI+anFdD/h+NH5DKBI=":{"valueMac":{"type":"Buffer","data":"QuNKXGofrUnEPJoezB29/bj3WeVcIIYZdXBQBWghS00="}},"le9bbuMphmb9Y6q4LnV02H9k7eF5wKCX71UtTbTqCJc=":{"valueMac":{"type":"Buffer","data":"B3kcMLcnjpqQ1cPfJgiktJuJSNTYWbpnHfBuSaFfqmE="}},"lyL0YLQd00wyZmEwMzXPTep9hk/HZQXj0NbboNxcUiE=":{"valueMac":{"type":"Buffer","data":"qxnS0Cf0NTuRc3SyGFFCt/Zx/+Zp9H4drT6Xuaioog0="}},"mUlZEfD/WjJgG0ztHX+TTWLqPq2+kjQVfa9/RK7JLYk=":{"valueMac":{"type":"Buffer","data":"f2RdM8rML5IPPOC3J/OMpvdNTNQLFdmyQmdi/H2iuVU="}},"mdJyHHilpdkUEFrafwLyQ/SBhBDl3pluzVkKRiM3nCw=":{"valueMac":{"type":"Buffer","data":"6UYivom1PtavAW/SRHcewPD85fPjF7nqo9ksY3mQ36I="}},"mpMEGIy6v36gSTKTBgnmCt074Oe2+TzuKIuVWceqZcE=":{"valueMac":{"type":"Buffer","data":"W/SEhQdr5+P3y3DccAtbXIBWsOXFP8Hb9m5AM35ac9E="}},"m0vd1K47mBjOPQOFEmwBRte5/979zdtLBuKV93AdyuQ=":{"valueMac":{"type":"Buffer","data":"dPeZOrrjhiz/kt6lbZ3N4+FDQEUZK3B1Tq1XMPPc5vE="}},"nNL4TTPbDkreLfBUNXsA/96osgQPoWe1rIlrF4+AmT0=":{"valueMac":{"type":"Buffer","data":"LpZiyQ1vp03ymrVeLorZj8lX9B8RmpF8HpXeawDTVPI="}},"nchXSCB12Ur97gZ10XSM0fHriDuwsmksV6oVdIRUE0s=":{"valueMac":{"type":"Buffer","data":"u/o2bzEueDmSNzoxPvHdDwG6DzptpA/XWEtcrP8x5qQ="}},"niQ6r6ZzNqFIpIaWv5PHZG9w+oXcjdCd9wSUbO3L00A=":{"valueMac":{"type":"Buffer","data":"1zXHqvc9EsxkQR5PYp8pDjuuz5rvyMG5RdbaaYXEY0A="}},"nyPL9glsdiZOctbPSBvQb2Nf+9O9HCyyYre5mcoWM3Q=":{"valueMac":{"type":"Buffer","data":"D0eZp/2rseTn1U537bgkOaughdRQeUaha/Hn4XqUnto="}},"n+SI+sYtErksZ2nGSIby2JS3IHCxQzzhS2Iaa/0J8H4=":{"valueMac":{"type":"Buffer","data":"dlE2BacrE1NCetp6SgvVWpF4EWcsZZ9J0uWtYsnqt2U="}},"oIs+JHHt/2gvjMa4Dy9GV5MsOkpBtluJIUEI8AHXr0w=":{"valueMac":{"type":"Buffer","data":"HjK0rCNSiXTpdGL55YzI59956xUeNqdqaMeQ2qk66kU="}},"o0LNa+n536MIduq6MV7zkNIiAjBiQYRBz71tM60Zm/Y=":{"valueMac":{"type":"Buffer","data":"GUi3766Xt4KpMCI3m0oN+UxokU7lDtiCBtbHGzszrvc="}},"o7iobjdDLCCVN6SJ7gn7QNRryl8cdinW2DmWkJWwErI=":{"valueMac":{"type":"Buffer","data":"Q7DEQAIUUxr1lN9J8FRzEACgyFB3RWiLr2SW9QhGIfc="}},"pcnIBTBpFdytau4gmy+7Uk0cN+EGom4RGLxiXFBRuHE=":{"valueMac":{"type":"Buffer","data":"BCvZdKhUDB367DobqyI05EsN/6hAv4Z1sgF8SRxtv7A="}},"pl65i88wiQHOTmNc7VSthlxy+pq1CtSWxK/5pV3Fejc=":{"valueMac":{"type":"Buffer","data":"HzZLfE7M38bhBGzgO67XJzZqfG11ymcpekQRhi95PXE="}},"pr8rY68Mz5/cdL725e4ha2VkcNs+k//m43lr0MkuE1o=":{"valueMac":{"type":"Buffer","data":"f7cJ8FauA54nPc2rdmme5T7jn+CH0tYeDLmCr/HuI+s="}},"qLFlRy/fP1qvtb0xUmtIqI/9/ajfC9LJ7Y0lKEg+nl4=":{"valueMac":{"type":"Buffer","data":"xLf9/sEIf95M/igfTE5y058sKZy3YkASMJq8s5C8pA8="}},"rQ/dsBfoSM46L7/97Fov7PXEQFOuMMJHp846KGzaX8c=":{"valueMac":{"type":"Buffer","data":"Vgh2TmODFuqhXYVcNy+LM7vtNRDNk6TfEjAqFcsWl5Y="}},"runN9LVQ7M6mzMx6bb+MkpkhmeawSvYUbqPBuxLPEw0=":{"valueMac":{"type":"Buffer","data":"svEi2Q3fuMJ1gVqB8aKvwC/jj/VpPl2zY9DBbIynj6g="}},"r4PP3+637ehxpw4+cJj+INUpzXLXwOn1o/2KPLqRfKk=":{"valueMac":{"type":"Buffer","data":"72hGB8VWPlKRhoCnfJOPdkoailaHgkQ2WmkWGXfiKZw="}},"sEJJpKzsYoXTXnTBGnNbAs0maPNuwmyFrqDnptsQyS0=":{"valueMac":{"type":"Buffer","data":"/3pZbDM5bGvYm2qupE46+My8YbeGkNpri9ZyXHLIgDI="}},"sUcRbN7A3BKauuZnejFJL/PvePyLhdF3qQeUrfNMgsE=":{"valueMac":{"type":"Buffer","data":"dGlDbdi9/GP4FXQqaCYvM5lFhKT5dRTj6bRnPiGwCZc="}},"sblIovzD+nmZBy0ZMCQ+LQrsjKVucr3nbPDMln3iv0g=":{"valueMac":{"type":"Buffer","data":"EN30ZT6IQaVPphKHQfRjxHheBUkqP4eywC9UFTZmOAI="}},"ssaM+Er6LPSycr7zepOJS6dYe/9c73ufpCVmz1g1KhU=":{"valueMac":{"type":"Buffer","data":"5AGf+dxfxU2OsmM2xHCxH6K9ym0fTXveT3IRr7H/GHo="}},"s333fMYYGOq300uFQNKu0gLL9HaVQsLr3TW60WxgsRs=":{"valueMac":{"type":"Buffer","data":"RN/dezQfOg2mgaNG9g6aJhszGk1DQ3B8WDm9zUPAXHs="}},"tAeHpV10KUG/k3XOYrKkGlj9esvjJy3SMbNlT2ORVnQ=":{"valueMac":{"type":"Buffer","data":"NKMP6zDdSBqcHIV1vjwn3+qPgLSNQnYgzQ18J+of5V8="}},"tNVSThbhxqOI3AANexA1i2QnCtfpnasf8bIJIIY4jbs=":{"valueMac":{"type":"Buffer","data":"9wgFM4QwciYf+vDBsoZH5gnIGJztKJAZ8Z7yzcwAZe0="}},"uJPGwkDgI+XZRMFy23tprelUCb4fKV9Jw0MK2+BVDgI=":{"valueMac":{"type":"Buffer","data":"5sNfwbyn4Rn6yEIx7eP2H7qsWfpdV83XdiAYhhb71FY="}},"uKRerxryqOqNdTLfLzVio1izs1Gn/acI9ViocdO5wLI=":{"valueMac":{"type":"Buffer","data":"RpCkjWI9/U6pLRkxDzWMgZb1jTB5UNIMiib/kgP8Jfk="}},"uQK0NWidVURvXnINtsh4O35mtxDYl/fAj+Mp/Pk5FZU=":{"valueMac":{"type":"Buffer","data":"RHeMU68MPqM3FNbpQGW+C67+MHioHplCK/KUPa8Mejc="}},"uTDVXo4AogRGxz238oBgmrz732IUH20OyZ7gdJZCruY=":{"valueMac":{"type":"Buffer","data":"K7ohUTMUnqriuMPCj5quoMX6ZDIUy/ODM6lLsr3uI/c="}},"upo2bfHRjOdmMikJP8ixiTAoSX2OTayxxwk+juEwiyE=":{"valueMac":{"type":"Buffer","data":"uK4rvuT08NsGHqfsfT1a+hwxaYbTxf9heNDNQ+mrAII="}},"ur5LpRJowILD0j/LlJKrHRLTCDVPghA561SIQxSAw98=":{"valueMac":{"type":"Buffer","data":"sJeb6TFsV0ZKp9J7+gvVdZqXsA+BHf56eNoi5Brsp/0="}},"vKfLaDE3R8c3FJjYl2SrVmcaG/roPIsHz3qPv8xxBkw=":{"valueMac":{"type":"Buffer","data":"LvkXVd65KxLk650+rD3dxyV2+GKtjcSrutDB6jNDdNI="}},"vVieQ7h9+0biOzauhwkvX17OKSID0bIOk2WG5w6eWcc=":{"valueMac":{"type":"Buffer","data":"bFFawFcshdvquCKBAfedh8r4lQ+0xUWHbsrVtIjbbPU="}},"vhyy3culkLkOPhOiRCJvEcBPaDGANqEzzmlekzSSsuc=":{"valueMac":{"type":"Buffer","data":"0fJDqh1+zKpFN+i4UTEjPaC2JorPNA0/qb0W/rIKt+A="}},"vw7FGHngG0AaRBBXVgTjOkS5vcTuJjKm9kNGunVPuss=":{"valueMac":{"type":"Buffer","data":"AeJYyhKUuK4aZ1ulegL0Wtp9Y0b8ldh0jTqu3ECfXQg="}},"wN9qouNmPP1g/6+Mpy7jN+FveQxHFMP9GLEek0PIN0A=":{"valueMac":{"type":"Buffer","data":"s8vTqApXXrmuZNaYKm5lWtDtzmBqIWl/tozKE137bl0="}},"wSDIll4rvathpnH4Qxxvbh5GqJ1mtcILV/C3HDmokwA=":{"valueMac":{"type":"Buffer","data":"H0iqxFxW3jMrlnqiYCVlwHmWGRXrmUyrjDXMJkEMTv0="}},"waFO1Qv1TJmejYiEeSppliwEp4YtCy9CTj/swTQiRlI=":{"valueMac":{"type":"Buffer","data":"RNtp/xvHA7JVv7B/vxCyju28zyYnDHGjC+rELaclZbE="}},"wfDrGInmeKp2kTXGDZKKFeffSoGAzgY7KxEaVSgjoMM=":{"valueMac":{"type":"Buffer","data":"3RTPxTr/v+uCbZplSoCUZZGKXQWHW5s6y+ulpytY7Co="}},"wgqls9lG0vOMsaBdc5o4ovvhhliEnCA4weREbKCNZjc=":{"valueMac":{"type":"Buffer","data":"HmTD8Yeonc8t218D+RwBkd0Ki9hCDhksOrDBXW8AJ8Q="}},"w10+/kXarwDWhOiybvvYN2k27ZKALCRFFvwXmVVQzpU=":{"valueMac":{"type":"Buffer","data":"vIA5OYoX3X7u3f/gQrXY57RVScQv2fOFc90Yyp895Rk="}},"xFWRO9qZkqiPBaDMxSljTAU/X/M3tyJNgvElug4RDwE=":{"valueMac":{"type":"Buffer","data":"9OSriBHruCSEWwM0pYi0C50Iah1Cf+S86o3a6ttohq4="}},"xPkOlMUuSm+yd36XnA2TPy7zKBRuYW/bS7nRv1Y8ojM=":{"valueMac":{"type":"Buffer","data":"QqW7Vdbm0f7tUUsUWB7gS3pSxVhZsSIv5eMIkxrjlp4="}},"xgjVogmSfzyXBuK06oudaQ9r4CEOQol0Zeb3i3pgI0U=":{"valueMac":{"type":"Buffer","data":"TxfLFf/fts3AQS2yzxN8EYKMHhWXgIztZuF7obl4UWE="}},"xotj2uSCFRihSrBGbeTAg7l1y6Oa8bPURyCRdZCTLcs=":{"valueMac":{"type":"Buffer","data":"Y4+W1ttXD8FgDI5JADgIb6yjhsnDWQlftSzTYiWeGmg="}},"xsiPL39VCxgVdr/8WgdjUwPK+R4ziOAeb4IYx2mlc+w=":{"valueMac":{"type":"Buffer","data":"tZvp37IlLwNTobusRtZCC+tmaSwFeytficGcy0xnslE="}},"xtGG/IC4Y687sWy+IiIE4l9XHl354Ua/oOd2rGzAd24=":{"valueMac":{"type":"Buffer","data":"vC9CYpDJ1VTHDsx3OBVf8MkW0yXA4smJdju/rx82kOM="}},"y0TE8eriwJRK1+qMO5c+USYrm/7SWsJm+AoRIwXJMSo=":{"valueMac":{"type":"Buffer","data":"6nEEJBH3lzSuG8ehGdQZARf7sspf+5jr9My5M65/N84="}},"y5dQSIuLI97cLLlhNTjSDumhG3qWKK0MGgb+jTFTzCE=":{"valueMac":{"type":"Buffer","data":"rj34pHgCW/b8qrZLm5z40PP6QcCaPS+fo/IcGX68zzw="}},"zAkSeHP/ERsbdYbNCKaBe4ci3Lffn4mb/7EfLZCpY0c=":{"valueMac":{"type":"Buffer","data":"52M7UKHcaoIlZm4QPGBX9kSbOVT86h+zF6pRNlDYUXw="}},"zKb/v4YaB7dT7zobAL119OyVa8ZOZ0vydVaFtRAq8Uk=":{"valueMac":{"type":"Buffer","data":"MLwwTlypRX/dBdtCQGKNBasGPupW1JMEQ1whTqqhUh4="}},"zZvAtpxObQVDu8Z6RgyrAobjRuMw5dLylnI0aoERmfQ=":{"valueMac":{"type":"Buffer","data":"9SZfhecpxUHitTbemKaHa7XTmUroDn5Al9Avm3SGfb0="}},"0MnNjdbpYGCQwwZIgSw6lWNQGHLWDmyZ1LtwNlPtd8c=":{"valueMac":{"type":"Buffer","data":"KX1x2Rf9zr81b2MsxalzcgL4z9ms5xBQEF9eR4RG9wg="}},"0PMGOdy54EauJUGa2AjQn6Ako10ftEtKM2ic6vTv57Y=":{"valueMac":{"type":"Buffer","data":"YYXpInLuo0ATZSH9CyuvFJUUQAaI188uKdkE8io639Q="}},"0Q7HbbPgjDddvIFOQPDkRnj9kO3aeEW5WrEXyz9WPQU=":{"valueMac":{"type":"Buffer","data":"OjtWHStc34GSbrvp5xANRrWYIMoQwDqw64dFQhyvgAU="}},"1c3+fST2LG21972OKc5ElMW8iqMiqfpCT+5rHFsDxxo=":{"valueMac":{"type":"Buffer","data":"byoD56w+S1RIf3CMMY4Gi2UDF19APk2CJzVo2kOzTI4="}},"1771F4UU7p/LQjlDqb3xN+N4eIqZOKdCwqvpCDXzECE=":{"valueMac":{"type":"Buffer","data":"CdilRgxS9ptEnaJGStpZQqMg7bAwHLsFvDvFZ8XXcEM="}},"2QqnIyE6S+C3CosakLSIHOh3M3lxt2KTpf62J1U3HkI=":{"valueMac":{"type":"Buffer","data":"eaRcCAb25Gp1YOnFK4AHDLa2Hr9eysY5TaftPtxX77k="}},"2UofGQ1KwA6fUwTQjU66rUuf6a+0XYO6FtBw1lcakrs=":{"valueMac":{"type":"Buffer","data":"jzxWFRRgiuODlaxVZ7sPq1TP1V83F51GVmWUH4MatJs="}},"2zK7J7KwhS46cd37+Iy09OtpaEWd2opc19tYRmCaGH0=":{"valueMac":{"type":"Buffer","data":"3VM19SdE5IgpOFd3WvTKUYSur2E7jUc2HOs1+X9Jxw4="}},"204Dj5QzpjCw3e9yaESaD4fq/vwf6jntdGJmHI42jRA=":{"valueMac":{"type":"Buffer","data":"x59vWfCJlm5aQuSRFNkwJpyN9yJZTReh78oH7pNUQyM="}},"21yg5Cx2ROj92325VU8JzEU6MMCI6O/roJC9fPdOFTk=":{"valueMac":{"type":"Buffer","data":"ZeqsExQE6F+hUguJYHoL2oKoxAP0ZjnejHQVPUErT/8="}},"24PmhFPp8viXJVRifOeqkhANUuePnS5/Er+WzlQrcDg=":{"valueMac":{"type":"Buffer","data":"+pDz/u96mMNivAlnjfXGyHp6zF6OhT6WS2f9V6PrZLM="}},"3X3uiroxGl+YPAEPZrpaBef9Yxs2iqSqqJGG1jhWu18=":{"valueMac":{"type":"Buffer","data":"8tK1m5kPMGwj++L13gu27c9Kz0+j1E6VwMcRjhjeuEo="}},"3k8eqooUfa0tWShx7JYZkJmjm5pxYk3Vw2vbN2HWe/M=":{"valueMac":{"type":"Buffer","data":"nATSJmx1PikzT01fpOLtQoAfx05FLn+nIwJeZokF2yw="}},"3lX3eOCwgPztkfcmCZNLmBARgkjoQyEImeGfM16dgqo=":{"valueMac":{"type":"Buffer","data":"HrDLT+fIQA9gvxfnTOT14n4MI4maBG59st8j5krX+WA="}},"3v2EkqcNwCOMtyIrpZhms7dlRI3wjDxwruhheiN6QAQ=":{"valueMac":{"type":"Buffer","data":"R+n55nPkEfjD+3byRLRdDOaWkFgZ0vz3o8pS+a+PJdQ="}},"31MRRJDyXXsJkkRKk+BWOiyu3y1NQHP6FixwZMGTOII=":{"valueMac":{"type":"Buffer","data":"8h/DMtE0rGwpZUUlnT2RVo46D7Uj6jrvVx8iap/26eM="}},"38PPofkehbLkvPojsz+WzIrV28B6QPG6saOa0JuJSFU=":{"valueMac":{"type":"Buffer","data":"kruV60vGW2GyHd05Vch5LWeW5iXthaz9Zf5b/DoQIlQ="}},"4CaYQUroSq9Sa9+NNTE5LU3kXtT0TSYzAXuhGG+Umnc=":{"valueMac":{"type":"Buffer","data":"JsnJsLo4XHmDRt6FF9D3F5kNG3jipnUlfHoJI/J97xA="}},"4SXi3AogldXxdH7CFb4mjvaVc5axzHoqhYN8VzYn8AY=":{"valueMac":{"type":"Buffer","data":"ee2rwNk5h4ViJ2ut7x2Vyo2I2kJ7jq65ycWk/mCRJ3k="}},"4zfnLFbzW0qK+TeLVzUgc4DPHdHW+ilRtmc5bplNzoI=":{"valueMac":{"type":"Buffer","data":"8wCdBk51UgnjdH0vCRX7brX+kJmGEncz8ZhJvpsuEeA="}},"45ulyyfwcX2QJcumUC56Pe1LDDqb+ZTV9JF+xoXo0w4=":{"valueMac":{"type":"Buffer","data":"IXvI9ZLBOM8RIIftt58P+jSH2nOVV1oc+CaETIoFmEg="}},"5BijJHcXNq6JWYdIyFMdxFl38R8/YzL/e+whx0k1nH4=":{"valueMac":{"type":"Buffer","data":"JHQVZ1lM/3fgoygWz+REptkAn5M70tg/W2A8ySaTKlo="}},"5DWRgjMV8U9sJ8aPB4+ap/ZqkP06tPi+SUVm/Kcnadw=":{"valueMac":{"type":"Buffer","data":"pyuVSoQNGbXbF0L96P4iIsOiynea/ya4a9ujIyfdkwA="}},"5Mvr+qkL4/QRYy9izU01cq7eZR4Q6JkdxRw3y7ceANE=":{"valueMac":{"type":"Buffer","data":"+/mv9byLVgiiEL71qCWXUlUgImSNGUpU5WhN6lRdabI="}},"5gLELK9i46pmGKfhEgf656FdglNqSuQ0C+jhLv+Aufw=":{"valueMac":{"type":"Buffer","data":"YY7GDLNJofVwsgXI9vVlBObPDzKpPk/omR+9IKWJJGU="}},"5wKxmbsSGSsNJL5pck05CR3AEfzPdcor6UAP8B4oS58=":{"valueMac":{"type":"Buffer","data":"IHGizJAR8LkgigWpaMGyvDGSVKtZnwocP2SblDKV8Vs="}},"6KM6K+Fg92rJuzkoHuF8bNbwCw1YrsTnspVF1dRwwAM=":{"valueMac":{"type":"Buffer","data":"Eb5yu+DvjK1sE2U+4fjjSjXQdaW05EoOFo36GDMjRw4="}},"6TErivsMcttQWSowt9IJY1WaPFiGTSDBz6/bxsRJ1BU=":{"valueMac":{"type":"Buffer","data":"K91NaxRu335LUZ9QJ0NyfMp88KMe9uyupZa980j88H0="}},"6owcp5TRr8WhtB7FY1SvUpFB04BypFcNMQpUk7U/0x4=":{"valueMac":{"type":"Buffer","data":"/l8OIdtPfhLl9vNGOkHxvtg4f1mGQnd4k9vZ2+hR5uI="}},"7m7zPg5jq1S6k7D4kpytpNxonMds+/j9NdCBNO6ZB4U=":{"valueMac":{"type":"Buffer","data":"X3y3KrSzE17jf7F6xWptDWfPPayM0jCymLGVtc6IjY0="}},"7zdiZer0d/DABal0H1odfMVzau8z/BK374Ehz4T7cWk=":{"valueMac":{"type":"Buffer","data":"Oud5g0cECghJwk30RDcdsGwse50/GtGzPm7Di3o/aAA="}},"75qzYnj8btK4xB7dlZXv0Apr04NHMdPrpcEyhzR5PQs=":{"valueMac":{"type":"Buffer","data":"KS+GbAKel1W/0+tbPnjnFzT96JKq3yTVsq+3lOWgkpM="}},"8PrWOFKk/hph6XkS4KSWl9qjjPBIX+Xqnj5voQcxx7k=":{"valueMac":{"type":"Buffer","data":"asJDoCnZtWYh8D9sN5RF2YBs6wY5piCLsOTojMEzaSk="}},"8Rm4S9zg+uIncBwH8JwM7JgOXZkIsz41GfJDKo0TH+c=":{"valueMac":{"type":"Buffer","data":"KAsg8DlUPw1CMLgAaujm0vbUe/iWeOF8wHHd0F5gLys="}},"8WKUe9JabGK6YV7N603dvGckNYgJ2NHKvAawVvq3GGg=":{"valueMac":{"type":"Buffer","data":"lPrYfXjD+A8FsfeDzNtvRUn3YpL2lEI7XpVToyTCWpk="}},"9XY0Em1DZMcbEhYFpAj4zSXhVgc73z+K8TU6nGXPa64=":{"valueMac":{"type":"Buffer","data":"lezfPKRdp5PoCD8z53Dm3DJgEHKn+8K9IdzWiBsHLfY="}},"9fgajLaOFs8lwTnjx4P2d88YZyZYSuNs0b/WNaEZzRk=":{"valueMac":{"type":"Buffer","data":"SybFbKKghPbU6ofMmv1J/tmJfhVOldlG7sN5MFio6PA="}},"9hKPhd5ZVv/n8cHFl+zp72QDgNZiEZ5EOAkF0AZ6Qek=":{"valueMac":{"type":"Buffer","data":"EPZL/jkhUQqClniXUTqC+xGK5BdhDcm9bTXSvIUFG+g="}},"+Cym32y3U64v+ARK585VzJ03dVXfkg0ri8WZjzsuu2M=":{"valueMac":{"type":"Buffer","data":"4AnySp4phBe6XkSZZyoO0EcQcPqVSyL13ZFkGi8Tsyw="}},"+L/STpAMXCIhC4EjhQ5iUIiTHgeSOl1nNKCQDzTjTD0=":{"valueMac":{"type":"Buffer","data":"axd9cXNzorLdVgsGmSuExTcwPtiTX4GbpojRSejKvvA="}},"+O2nnhhbrDxCnKEAkrI+xG7h1NcwrA6qer6jkxKsMS8=":{"valueMac":{"type":"Buffer","data":"B2fmfRV+1GqMn4Hx179endR40+fkZTrXh/KDHI7RrjQ="}},"+SQfRFOVKHTZvzeB75pCZBfIl5rr6d2f1s7kQz+2x2M=":{"valueMac":{"type":"Buffer","data":"UninWHIeXGS06FjjUdrnMYOEN9DegoVhrU7hcPVsEok="}},"+1hA7W5o178KF6HE04t1Cvtly85MbV1+zFv11N2GPPk=":{"valueMac":{"type":"Buffer","data":"1JLuzibYU8mkohOXXva03eFdPPGc5Q/pNZze5G+Esxw="}},"+//VPIZCTr8CBDfu/QL7+8V4RkUtWXO7uINGHDk8tXA=":{"valueMac":{"type":"Buffer","data":"B+rLlVqBIgJISWPqSwnqF5gjCJdBtzVxemUGitaFu6Y="}},"/MNEHsO6h5X6Drth2jWiWD76SRxOc56nMJB8TD8azhk=":{"valueMac":{"type":"Buffer","data":"XgM2T6QL/WKEh7pximGqrNDd/lpSA10A2xdim96XdQc="}},"/ky4+hoItIqOlUBq2gaMJgc3PyUOfjNn7bn/6/erx1s=":{"valueMac":{"type":"Buffer","data":"kHFQsmRAV2+lsuBFW1xWC4W4UofszNlwWDq7753v+IY="}},"/paJ3BZLc3VVlVET1rBZa58MdcONOlPTxE9IyDPqVwM=":{"valueMac":{"type":"Buffer","data":"MTpYFV1YAb2ZNt+fFx5l2CKH7Z87afxZAVUdhrt8CAc="}}}}