{"version":5,"hash":{"type":"Buffer","data":"X1cLLxIV5WHLwg/qTDs+UgTw8fR3bjnVZkMXiI/kb4NvbGAXk734UN6ko5BMSx/dzZWoSdnacdQb7b0Ph9h4NPDgxuJKhauV4gmtiYED7t4XRMCNbL7ToUE18uTrUefQfJJ+4CnRJXPAXfr6KlP3eYL/BM9m7FctwNe2qUJvvbk="},"indexValueMap":{"EHHb7yg8kBJ202ycfjXr1mWuPIvphdtrm1rP1l2goM4=":{"valueMac":{"type":"Buffer","data":"aEZevX3D+BwN+uxiPioC/4sUOTFL3bM6xttrD9rWVGQ="}},"Mwogyd0L4FeCCimTReiHiDjAo16k9WG3MfMgpbnB/lI=":{"valueMac":{"type":"Buffer","data":"cnaEFuhYswjtra8YVVmumr7QpMu28mRoM164AX4xPJ0="}},"PcYvnea61IXqeBAM60OMYapb+Cq73QAn+34oLJ2LMGU=":{"valueMac":{"type":"Buffer","data":"dSDjL36Chi4xC+SfWxwz9n3Q9dfgcgM4Gl8gk9sJu6U="}},"Tenk+sfhH1Ff1lk6KD193bZ4zYrB4a55lZ4rWOJZrbo=":{"valueMac":{"type":"Buffer","data":"YmHfO2XLJwr+A7IvZwcMqqFwgda06YkEg2+f9ON5LRs="}},"Xl+rbqAID1JsCGlc7tYhqs8YUnmEgMDpba+RXx99tBU=":{"valueMac":{"type":"Buffer","data":"dPNGXwkHvVOKI+vZ278mpkJglS8LKA7gUsj0+PZFw+c="}},"x94DxVk5TR/JvnUhSoune8LcHyakTQ5xOzhud9TTsJU=":{"valueMac":{"type":"Buffer","data":"BG4/dQfcos4YWZ/0Gk0/cIt0eDcofN+zkKnWMzA3Cbc="}}}}