{"_sessions":{"BVxYzt7vT+ShjLoKzZYfcHanulktvAXdwNeL8yn0+gZ5":{"registrationId":86,"currentRatchet":{"ephemeralKeyPair":{"pubKey":"Ba/ACkBVWawsjz1yA+iVOfaALZofHO37kEzDU60fllEA","privKey":"6CXRJI9oPAHVFgFgI+/u6Hk0aXPe2p6WgceiGE+oYkA="},"lastRemoteEphemeralKey":"BcyRQYw282R76QgagnP6hl/hgII8j1/3q5FV1NjohyQm","previousCounter":0,"rootKey":"7NiDD2WjdIC/y/EUzxy5xZMLnfclpkIHiNqFsUp1n0g="},"indexInfo":{"baseKey":"BVxYzt7vT+ShjLoKzZYfcHanulktvAXdwNeL8yn0+gZ5","baseKeyType":1,"closed":-1,"used":1769259670683,"created":1769259670683,"remoteIdentityKey":"BfdLVSfZSwDlY2/wQIBZA4r0DBEixYAsTdZ6UXhXFF4m"},"_chains":{"Ba/ACkBVWawsjz1yA+iVOfaALZofHO37kEzDU60fllEA":{"chainKey":{"counter":2,"key":"19J1rW5elFmgWwUHpk/CwF5EAVxwyyOo2UG865CmaQc="},"chainType":1,"messageKeys":{}}},"pendingPreKey":{"signedKeyId":1,"baseKey":"BVxYzt7vT+ShjLoKzZYfcHanulktvAXdwNeL8yn0+gZ5","preKeyId":9}}},"version":"v1"}