{"_sessions":{"BTGzq6CbtL7wF/65pxS0hUNATE0fH/fAujUqnwmT9YFw":{"registrationId":220220723,"currentRatchet":{"ephemeralKeyPair":{"pubKey":"BQS8RVXD2gX50nLCy3AQ9r3Y2K4FmeNdMYZqcdPHSsNx","privKey":"sH4OVWbUd+NEN7jw/L5EMG6m3loV2AcddAZJBfX57Uk="},"lastRemoteEphemeralKey":"BRX0+fniYwTXoWLUbeRD0JIOIX0bsnioC36bVSVBNO07","previousCounter":0,"rootKey":"VPcH7cNu0/t8syzYp4a5TnhwGMuw+PKT/OI6bm4Ac7c="},"indexInfo":{"baseKey":"BTGzq6CbtL7wF/65pxS0hUNATE0fH/fAujUqnwmT9YFw","baseKeyType":2,"closed":1769259678815,"used":1769259665654,"created":1769259665654,"remoteIdentityKey":"BXApD2EORjLuMuNj4oRzEdNlj0IACH8e+9dvDx6R6uga"},"_chains":{"BRX0+fniYwTXoWLUbeRD0JIOIX0bsnioC36bVSVBNO07":{"chainKey":{"counter":6,"key":"aI9aERBKJM37i0Zqt3ChnRv1cEyZmNzC1ggKyTKbqXY="},"chainType":2,"messageKeys":{"0":"7wtEH+iUvda+iydRswSBp0DNd6Fhpc4txJIzVF4RsDw=","1":"NheaoCASb55st+NTuliKy0Ppcr55BePs/dPnZiO70PQ=","2":"+VIA63reYr47aX+XV/4r2wYutHttP33JIhZ+Rlgm890=","3":"DrdSEXquZMNI6vCBLv95Ya3baLiWHPq5ucLXBIwOvt4=","4":"JLB1ADt67wWLVYx75Gvz4UXnVAGUmfMmgjiGGgUxv3g=","5":"6eS5rl6EGdJwi5EWpqDCcejjj5rLnGhNZF702XHogY4="}},"BQS8RVXD2gX50nLCy3AQ9r3Y2K4FmeNdMYZqcdPHSsNx":{"chainKey":{"counter":-1,"key":"ySxlbllKW9yI71Nkkp1pzyIDNUsHfeb5Z9G6FQye9iI="},"chainType":1,"messageKeys":{}}}},"BaHAdPeZDr/sWErD2MBjwn2vbbGCoqNFKR9u1s1L0acH":{"registrationId":220220723,"currentRatchet":{"ephemeralKeyPair":{"pubKey":"BTtbnssEgosH+aenuuzZWXGedxVW0/ZJU8UkUlONYR4L","privKey":"cOvCGJ2IXi3KXvX5X3stglWCqcZlL07sQbq/Gc0nnlA="},"lastRemoteEphemeralKey":"BRfZZxC0KB63jmGxc5g5tyNh88DWjItGg2a3lh+HDexv","previousCounter":0,"rootKey":"Q5s6fW+Qik8aW4YK8AfSYvvAVj5VdjPd4GMVkOeCrLA="},"indexInfo":{"baseKey":"BaHAdPeZDr/sWErD2MBjwn2vbbGCoqNFKR9u1s1L0acH","baseKeyType":2,"closed":-1,"used":1769259678820,"created":1769259678820,"remoteIdentityKey":"BXApD2EORjLuMuNj4oRzEdNlj0IACH8e+9dvDx6R6uga"},"_chains":{"BRfZZxC0KB63jmGxc5g5tyNh88DWjItGg2a3lh+HDexv":{"chainKey":{"counter":0,"key":"5QrQmyheiGRRgA3WwZ+oaEXIf/I6fA+rYZ/eIJP+Cas="},"chainType":2,"messageKeys":{}},"BTtbnssEgosH+aenuuzZWXGedxVW0/ZJU8UkUlONYR4L":{"chainKey":{"counter":-1,"key":"010Zvm9Ln6OprYfOtzGxPTxBcwtpX7hwsr/ZEpX2pzA="},"chainType":1,"messageKeys":{}}}}},"version":"v1"}